{"cameraMode":{"drawMode":0,"name":"Shaded","section":"Shading Mode"},"sceneLighting":true,"audioPlay":false,"sceneViewState":{"m_AlwaysRefresh":false,"showFog":true,"showSkybox":true,"showFlares":true,"showImageEffects":true,"showParticleSystems":true,"showVisualEffectGraphs":true,"m_FxEnabled":true},"in2DMode":false,"pivot":{"x":-0.5651159286499023,"y":0.007785320281982422,"z":2.6172871589660646},"rotation":{"x":-0.2265857458114624,"y":0.5931256413459778,"z":-0.17881283164024354,"w":-0.751589834690094},"size":1.886473298072815,"orthographic":false}